Wall time,Step,Value
1595475515.3624613,50,2.652465263963677e-05
1595475747.9450274,150,0.000166385987540707
1595475985.586488,250,0.014411341398954391
1595476101.6465225,300,0.03354810178279877
1595476348.866548,400,0.08942338824272156
1595476568.7639327,500,0.10484639555215836
1595476687.081599,550,0.06486105918884277
1595476802.7542014,600,0.0637112408876419
1595476924.8882985,650,0.06848275661468506
1595477052.529911,700,0.11991147696971893
1595477167.6307924,750,0.07198592275381088
1595477280.098285,800,0.05790264904499054
1595477398.6860034,850,0.08978511393070221
1595477519.613681,900,0.06810294091701508
1595477639.8199084,950,0.06062648072838783
1595477750.7204664,1000,0.07498923689126968
1595477871.8014395,1050,0.07663200050592422
1595477984.4742305,1100,0.06588714569807053
1595478099.2716763,1150,0.13100993633270264
1595478216.5665543,1200,0.05689780414104462
1595478334.529873,1250,0.063112273812294
1595478577.128757,1350,0.07536634802818298
1595478927.0642889,1500,0.04718650132417679
1595479050.8264134,1550,0.06174037232995033
1595479167.6251826,1600,0.06624093651771545
1595479286.265037,1650,0.0652543380856514
1595479398.5670063,1700,0.06318869441747665
1595479630.5488064,1800,0.0878741443157196
1595479990.8228598,1950,0.07168307900428772
1595480110.2849572,2000,0.11475122720003128
1595480331.6105764,2100,0.06448008120059967
1595480451.1619399,2150,0.08344965428113937
1595480571.1055026,2200,0.05923730507493019
1595480686.0726352,2250,0.07452928274869919
1595480802.4476902,2300,0.07295569777488708
1595480910.9735193,2350,0.08999662846326828
1595481129.8603535,2450,0.07122410833835602
1595481243.6935828,2500,0.10729071497917175
1595481583.288108,2650,0.08735677599906921
1595481694.318599,2700,0.06159689277410507
1595481799.8247676,2750,0.06496799737215042
1595481916.9514647,2800,0.056543007493019104
1595482043.423227,2850,0.06107453256845474
1595482379.8358285,3000,0.15890201926231384
1595482491.6715627,3050,0.08905153721570969
1595482604.7782106,3100,0.07754933089017868
1595482725.3214517,3150,0.06321296095848083
1595482832.0961726,3200,0.06896841526031494
1595482950.7164092,3250,0.09961888939142227
1595483061.7066503,3300,0.09036117792129517
1595483168.9720185,3350,0.14515110850334167
1595483287.2361193,3400,0.06982086598873138
1595483412.9824643,3450,0.05468089133501053
1595483637.2667031,3550,0.05958970636129379
1595483756.9497344,3600,0.07166601717472076
1595483870.3666072,3650,0.07940859347581863
1595483992.198003,3700,0.08033004403114319
1595484226.3632941,3800,0.05311012640595436
1595484342.5166435,3850,0.07217378914356232
1595484455.4588747,3900,0.08350828289985657
1595484573.079929,3950,0.07467859983444214
1595484799.8361857,4050,0.08108464628458023
1595484911.0354722,4100,0.11813786625862122
1595485136.9567196,4200,0.07526961714029312
1595485254.5412884,4250,0.06458204239606857
1595485368.814505,4300,0.07809960097074509
1595485480.010902,4350,0.07954657822847366
1595485599.5292108,4400,0.07563205063343048
1595485708.734827,4450,0.07287183403968811
1595485942.8331227,4550,0.07541615515947342
1595486061.2134802,4600,0.07588107883930206
1595486189.3498461,4650,0.13842496275901794
1595486312.1205888,4700,0.08931750059127808
1595486543.6164024,4800,0.06416929513216019
1595486661.9835753,4850,0.06823594868183136
1595486900.5447888,4950,0.12881189584732056
1595487012.374868,5000,0.08409608155488968
1595487127.9549842,5050,0.08888073265552521
1595487241.9201376,5100,0.07030417025089264
1595487359.7854753,5150,0.06976427137851715
1595487476.8344235,5200,0.06752375513315201
1595487596.8521507,5250,0.07273418456315994
1595487717.161876,5300,0.08429159224033356
1595488075.7739975,5450,0.05867254361510277
1595488201.8417213,5500,0.09641894698143005
1595488540.9944913,5650,0.08764393627643585
1595488766.0368683,5750,0.09037370979785919
1595488880.5666893,5800,0.07745106518268585
1595488994.2310648,5850,0.11944936215877533
1595489109.8489764,5900,0.07915327697992325
1595489221.9733162,5950,0.07891151309013367
1595489341.8712327,6000,0.06421036273241043
1595489456.8867264,6050,0.09185925126075745
1595489678.125389,6150,0.10586471110582352
1595489796.3078077,6200,0.10420956462621689
1595489913.4397771,6250,0.06336220353841782
1595490028.2875216,6300,0.08243435621261597
1595490140.8661723,6350,0.10682576149702072
1595490374.7006438,6450,0.11107213795185089
1595490497.4287827,6500,0.0842960923910141
1595490844.2285755,6650,0.1062532588839531
1595490960.3093219,6700,0.07299752533435822
1595491189.5605927,6800,0.074101522564888
1595491299.1284828,6850,0.07748290151357651
1595491523.5259645,6950,0.10598443448543549
1595491751.7696636,7050,0.07578688859939575
1595491869.6585422,7100,0.10672420263290405
1595491986.569656,7150,0.07470535486936569
1595492097.5431075,7200,0.12518224120140076
1595492213.5473013,7250,0.08858335018157959
1595492332.0455604,7300,0.09114547073841095
1595492548.278307,7400,0.11131970584392548
1595492657.5732903,7450,0.12056867778301239
1595492764.9285169,7500,0.10570516437292099
1595492879.9720128,7550,0.07917851209640503
1595493110.234109,7650,0.09625644236803055
1595493223.3125741,7700,0.10926184058189392
1595493334.7517395,7750,0.11135909706354141
1595493561.8348048,7850,0.07558491826057434
1595493667.0331333,7900,0.06688500940799713
1595493782.9064033,7950,0.10914837568998337
1595494014.931909,8050,0.11141981184482574
1595494124.1078413,8100,0.0856848657131195
1595494363.8092842,8200,0.09992050379514694
1595494483.62695,8250,0.08391819894313812
1595494705.1028883,8350,0.16362932324409485
1595494822.9728007,8400,0.1033981591463089
1595494941.5527654,8450,0.10040884464979172
1595495172.9153428,8550,0.07025669515132904
1595495291.6894174,8600,0.09680359065532684
1595495401.995297,8650,0.08453420549631119
1595495624.9460006,8750,0.07671383768320084
1595495737.7780523,8800,0.09933812916278839
1595495856.3012877,8850,0.1311805099248886
1595495978.1737492,8900,0.094474196434021
1595496208.3675876,9000,0.11719348281621933
1595496322.2380495,9050,0.10019472241401672
1595496442.566799,9100,0.07133126258850098
1595496562.4559305,9150,0.08620674908161163
1595496683.0416079,9200,0.10091698914766312
1595496802.0376103,9250,0.10187074542045593
1595496919.0736558,9300,0.0848715752363205
1595497038.8626075,9350,0.11768778413534164
1595497164.0134497,9400,0.09555386006832123
1595497405.9271839,9500,0.08598047494888306
1595497519.201164,9550,0.08955368399620056
1595497862.7297697,9700,0.11408309638500214
1595498321.7709525,9900,0.1215759664773941
1595498437.6599681,9950,0.08604901283979416
1595498669.204406,10050,0.09282609820365906
1595498776.5717564,10100,0.10012008994817734
1595498887.4864194,10150,0.08811593800783157
1595499108.0740685,10250,0.12319012731313705
1595499218.7020535,10300,0.11698572337627411
1595499328.98783,10350,0.11314482986927032
1595499442.2174008,10400,0.10056592524051666
1595499555.9911036,10450,0.08851881325244904
1595499907.8744948,10600,0.09246810525655746
1595500015.2318273,10650,0.11036034673452377
1595500137.802225,10700,0.08934947848320007
1595500257.6995296,10750,0.08682775497436523
1595500609.9623709,10900,0.1082332655787468
1595500718.1740701,10950,0.11321313679218292
1595500834.2195036,11000,0.1172422245144844
1595500946.9263258,11050,0.10081212222576141
1595501053.4669793,11100,0.08119198679924011
1595501169.7560396,11150,0.09454797208309174
1595501392.7977164,11250,0.12196417152881622
1595501509.9333608,11300,0.10027039796113968
1595501624.3152158,11350,0.08705256134271622
1595501847.680725,11450,0.11080671101808548
1595501964.62957,11500,0.08734585344791412
1595502082.4666467,11550,0.10305293649435043
1595502199.6871424,11600,0.10750234872102737
1595502317.7177997,11650,0.11752475798130035
1595502425.5955832,11700,0.12384895980358124
1595502531.3602912,11750,0.1196390762925148
1595502755.7242222,11850,0.09233095496892929
1595502864.1559694,11900,0.13127250969409943
1595503095.1352394,12000,0.101630300283432
1595503210.0665157,12050,0.1055867075920105
1595503318.6835492,12100,0.08242867887020111
1595503564.3950088,12200,0.0980600118637085
1595503678.168776,12250,0.11006873100996017
1595503782.0010083,12300,0.1131981909275055
1595503884.089935,12350,0.11730502545833588
1595504004.7727807,12400,0.13398803770542145
1595504120.6736765,12450,0.09755756705999374
1595504228.4166439,12500,0.0952829122543335
1595504336.155647,12550,0.10004208236932755
1595504453.6465588,12600,0.1336980015039444
1595504565.4499605,12650,0.09002777934074402
1595504672.9493432,12700,0.08174924552440643
1595504787.0461812,12750,0.13400769233703613
1595505132.7607937,12900,0.11468947678804398
1595505244.3611288,12950,0.10135679692029953
1595505360.514747,13000,0.10297875106334686
1595505474.439404,13050,0.12693075835704803
1595505707.3214602,13150,0.1012704074382782
1595505931.856412,13250,0.1085972785949707
1595506163.586943,13350,0.12292243540287018
1595506393.9901683,13450,0.15018531680107117
1595506616.5752015,13550,0.13295520842075348
1595506725.4803243,13600,0.1055804118514061
1595506839.597061,13650,0.12932482361793518
1595506948.127013,13700,0.10517215728759766
1595507057.6087587,13750,0.13217119872570038
1595507275.928438,13850,0.09248098731040955
1595507379.2816012,13900,0.0895693376660347
1595507486.7834368,13950,0.13434556126594543
1595507600.1967523,14000,0.10466981679201126
1595507705.1023862,14050,0.1136552169919014
1595507810.0082166,14100,0.14900529384613037
1595507920.40761,14150,0.10107949376106262
1595508033.9899247,14200,0.09628643840551376
1595508616.2300413,14450,0.11950302869081497
1595508832.3010354,14550,0.16424566507339478
1595508939.4627266,14600,0.14607901871204376
1595509164.5882876,14700,0.11210936307907104
1595509275.8621254,14750,0.105618417263031
1595509390.9433033,14800,0.09355232119560242
1595509499.554477,14850,0.10036264359951019
1595509614.9615684,14900,0.11000317335128784
1595509725.7896335,14950,0.1349162459373474
1595509837.1224072,15000,0.12291961908340454
1595509961.5071423,15050,0.12202619761228561
1595510077.075735,15100,0.12030412256717682
1595510189.3939428,15150,0.12910941243171692
1595510302.51811,15200,0.11147137731313705
1595510638.7647455,15350,0.08846665173768997
1595510763.5787408,15400,0.10785017907619476
1595510995.566411,15500,0.12732070684432983
1595511328.7076638,15650,0.10730473697185516
1595511447.5204496,15700,0.11646755784749985
1595511678.8073437,15800,0.12002012133598328
1595511794.4383175,15850,0.10864013433456421
1595511916.9254267,15900,0.12413404136896133
1595512037.2773974,15950,0.13376259803771973
1595512149.2411618,16000,0.10207098722457886
1595512264.9516037,16050,0.09671983867883682
1595512389.4638915,16100,0.10621621459722519
1595512509.3092277,16150,0.12750139832496643
1595512623.172277,16200,0.11799605935811996
1595512728.7042756,16250,0.11070934683084488
1595512834.650473,16300,0.13787145912647247
1595512960.3202355,16350,0.10361158102750778
1595513079.276293,16400,0.1019112765789032
1595513308.6081972,16500,0.12649190425872803
1595513423.780799,16550,0.1550617516040802
1595513653.7043438,16650,0.11217296868562698
1595513888.3377109,16750,0.10641629248857498
1595514111.056773,16850,0.10431747138500214
1595514338.7467303,16950,0.1113772913813591
1595514466.7489054,17000,0.12191222608089447
1595514586.5656123,17050,0.12760144472122192
1595514710.8830984,17100,0.09544073790311813
1595514820.6896703,17150,0.14031749963760376
1595514934.0842783,17200,0.12021180242300034
1595515046.864864,17250,0.12826162576675415
1595515161.2574477,17300,0.10277023911476135
1595515278.7807786,17350,0.09845638275146484
1595515402.0401785,17400,0.12654268741607666
1595515517.921301,17450,0.10338342189788818
1595515636.7532065,17500,0.12720371782779694
1595515748.3930242,17550,0.09861587733030319
1595515857.1879277,17600,0.10256989300251007
1595515977.8271947,17650,0.13728436827659607
1595516084.3412514,17700,0.07945706695318222
1595516308.5974221,17800,0.11022006720304489
1595516423.4231796,17850,0.12116622924804688
1595516541.8293467,17900,0.1123238056898117
1595516652.2573962,17950,0.10706082731485367
1595516768.716079,18000,0.08566903322935104
1595516884.4964547,18050,0.15543030202388763
1595516993.0770576,18100,0.10516013950109482
1595517117.551776,18150,0.10686522722244263
1595517230.0858994,18200,0.13185690343379974
1595517348.4368327,18250,0.15057840943336487
1595517466.6104312,18300,0.102383092045784
1595517572.303376,18350,0.12340205162763596
1595517694.4947503,18400,0.15230190753936768
1595517928.6703367,18500,0.14969319105148315
1595518047.508935,18550,0.09755710512399673
1595518280.2302628,18650,0.11500115692615509
1595518388.983094,18700,0.1123121827840805
1595518508.6116626,18750,0.10495291650295258
1595518621.0584393,18800,0.12410301715135574
1595518736.2794209,18850,0.11646569520235062
1595518849.3136814,18900,0.08567054569721222
1595518954.8313644,18950,0.08907090872526169
1595519193.212449,19050,0.1316966563463211
1595519308.5170753,19100,0.08731420338153839
1595519549.1686656,19200,0.11934459954500198
1595519654.7107048,19250,0.1108865961432457
1595519768.83574,19300,0.12852337956428528
1595519874.8805501,19350,0.09828728437423706
1595519980.7331128,19400,0.10491959005594254
1595520205.077287,19500,0.1222153902053833
1595520312.5071478,19550,0.10635760426521301
1595520428.193147,19600,0.12726520001888275
1595520540.041651,19650,0.18718309700489044
1595520893.9893837,19800,0.1090448871254921
1595521113.1394064,19900,0.11625964939594269
1595521235.3973958,19950,0.09879416972398758
1595521460.3932269,20050,0.10913748294115067
1595521566.252301,20100,0.09309029579162598
1595521673.6939738,20150,0.08958662301301956
1595521904.0470202,20250,0.13703876733779907
1595522010.7028012,20300,0.13390330970287323
1595522243.7088683,20400,0.09203583002090454
1595522469.0150924,20500,0.12314951419830322
1595522580.4107318,20550,0.1063200831413269
1595522917.4883277,20700,0.10904960334300995
1595523020.7520328,20750,0.12427403032779694
1595523137.3548765,20800,0.09924065321683884
1595523481.1174507,20950,0.09014765918254852
1595523594.192284,21000,0.12098219245672226
1595523706.3610466,21050,0.1193302795290947
1595523822.3069553,21100,0.1011570394039154
1595523937.5698996,21150,0.10823754221200943
1595524058.261586,21200,0.11212345957756042
1595524284.7491815,21300,0.10431182384490967
1595524529.021801,21400,0.1143844723701477
1595524755.0444393,21500,0.10879605263471603
1595524982.3389828,21600,0.09114263951778412
1595525320.226983,21750,0.11462872475385666
1595525436.5354972,21800,0.11465159803628922
1595525654.9248886,21900,0.11300765722990036
1595525767.3637455,21950,0.10584373027086258
1595525885.620331,22000,0.11611425131559372
1595526001.0338526,22050,0.12001071870326996
1595526113.3621657,22100,0.12042027711868286
1595526332.2837534,22200,0.09466861188411713
1595526446.365367,22250,0.08195291459560394
1595526562.9415748,22300,0.08998052030801773
1595526687.0376089,22350,0.1252451241016388
1595526794.091335,22400,0.1280745565891266
1595526899.391255,22450,0.12856552004814148
1595527005.5208054,22500,0.10660716891288757
1595527112.51338,22550,0.11412125825881958
1595527224.1659665,22600,0.10536959022283554
1595527346.118255,22650,0.1116502434015274
1595527467.670098,22700,0.09362306445837021
1595527587.1615677,22750,0.13610036671161652
1595527809.5005112,22850,0.12274760752916336
1595527926.3793204,22900,0.11731849610805511
1595528043.1903894,22950,0.15040968358516693
1595528165.1424396,23000,0.09988049417734146
1595528283.2191074,23050,0.09895045310258865
1595528410.1453567,23100,0.1221761703491211
1595528524.9889438,23150,0.10175787657499313
1595528641.0144362,23200,0.12724268436431885
1595528753.8336964,23250,0.11019483208656311
1595528861.2952998,23300,0.13495208323001862
1595528963.1200354,23350,0.09866220504045486
1595529082.8239522,23400,0.20735178887844086
1595529186.3382666,23450,0.10427536815404892
1595529312.97605,23500,0.13396409153938293
1595529421.95486,23550,0.11739296466112137
1595529537.1493454,23600,0.10732046514749527
1595529652.4089398,23650,0.12157559394836426
1595529762.0299513,23700,0.10986855626106262
1595530109.0417237,23850,0.10426659137010574
1595530221.6281335,23900,0.09236709773540497
1595530673.4061224,24100,0.11439529806375504
1595531012.8003197,24250,0.11241971701383591
1595531128.1427734,24300,0.12808413803577423
1595531240.5018106,24350,0.10855758190155029
1595531346.2728744,24400,0.111660435795784
1595531457.6777112,24450,0.1089271530508995
1595531689.8508446,24550,0.13159529864788055
1595531808.536993,24600,0.1103508323431015
1595531915.5311527,24650,0.11002805829048157
1595532246.003937,24800,0.12093240022659302
1595532346.5070398,24850,0.12341576814651489
1595532572.1194713,24950,0.09813779592514038
1595533019.1557324,25150,0.11715220659971237
1595533125.6879656,25200,0.12183894962072372
1595533246.8077047,25250,0.10782178491353989
1595533359.4804647,25300,0.1326454132795334
1595533465.2104461,25350,0.12439747899770737
1595533581.2236445,25400,0.11035323143005371
1595533692.795098,25450,0.09775359183549881
1595533806.3971715,25500,0.10795817524194717
1595533927.5865788,25550,0.099639892578125
1595534039.4624918,25600,0.10770625621080399
1595534279.3185246,25700,0.15274350345134735
1595534396.003445,25750,0.1228720098733902
1595534504.120672,25800,0.16068948805332184
1595534618.2681956,25850,0.12023080885410309
1595534732.7914689,25900,0.0938936173915863
1595534845.4445689,25950,0.1276596039533615
1595534961.83161,26000,0.14132888615131378
1595535301.2052941,26150,0.12944656610488892
1595535411.025998,26200,0.12688151001930237
1595535519.6106946,26250,0.11278439313173294
1595536196.0779486,26550,0.11824802309274673
1595536413.1532497,26650,0.09739643335342407
1595536522.834718,26700,0.1211429238319397
1595536635.8432677,26750,0.09356652200222015
1595536762.3452656,26800,0.13416391611099243
1595536878.415316,26850,0.12761884927749634
1595536987.5401447,26900,0.13206209242343903
1595537094.398742,26950,0.12499705702066422
1595537195.5548325,27000,0.11213807761669159
1595537309.076245,27050,0.10483668744564056
1595537418.0094025,27100,0.10405929386615753
1595537531.3720117,27150,0.10560017079114914
1595537635.6122088,27200,0.10756367444992065
1595537747.7949953,27250,0.13317564129829407
1595537850.5462735,27300,0.12854279577732086
1595537958.1854477,27350,0.104969821870327
1595538077.580635,27400,0.13404887914657593
1595538186.6208994,27450,0.11538262665271759
1595538397.0907016,27550,0.1088339239358902
1595538507.5738497,27600,0.13688699901103973
1595538622.4213924,27650,0.13637478649616241
1595538841.5700765,27750,0.09787516295909882
1595539069.5342252,27850,0.13082535564899445
1595539308.1601064,27950,0.12337855249643326
1595539421.2244906,28000,0.14290392398834229
1595539530.9333088,28050,0.10266772657632828
1595539762.9456081,28150,0.10411570221185684
1595539868.6583738,28200,0.14070555567741394
1595539976.7583902,28250,0.12765967845916748
1595540197.5996726,28350,0.11381758004426956
1595540310.929618,28400,0.1086420863866806
1595540417.9577117,28450,0.12498801946640015
1595540528.0817091,28500,0.10617302358150482
1595540646.4999735,28550,0.11143369227647781
1595540752.7138686,28600,0.10124710947275162
1595540870.936526,28650,0.1200607642531395
1595540988.616526,28700,0.1413772702217102
1595541207.0460222,28800,0.14330123364925385
1595541312.5145345,28850,0.11158842593431473
1595541420.8155782,28900,0.1101379245519638
1595541532.5083687,28950,0.10341774672269821
1595541647.5740068,29000,0.12259811162948608
1595541756.660171,29050,0.1089756190776825
1595541875.3952744,29100,0.16610661149024963
1595541994.4917052,29150,0.12970544397830963
1595542106.9298887,29200,0.12883010506629944
1595542214.480902,29250,0.113178551197052
1595542331.9184132,29300,0.12059589475393295
1595542444.526078,29350,0.11497791111469269
1595542549.346294,29400,0.10467851907014847
1595542653.9317317,29450,0.11351191252470016
1595542889.6319168,29550,0.11582964658737183
1595542995.9775784,29600,0.1440727263689041
1595543106.8712265,29650,0.1136804074048996
1595543333.4038193,29750,0.12231877446174622
1595543445.2901082,29800,0.10916315019130707
1595543558.1572711,29850,0.13949406147003174
1595543666.7205179,29900,0.09108202904462814
1595543908.2970617,30000,0.1189313754439354
1595544018.2575412,30050,0.10475640743970871
1595544126.8025334,30100,0.12923485040664673
1595544244.2711873,30150,0.13303367793560028
1595544354.2079139,30200,0.11525264382362366
1595544463.0854158,30250,0.11000516265630722
1595544573.6826026,30300,0.10806021094322205
1595544807.3852673,30400,0.13748618960380554
1595545035.6333265,30500,0.14810368418693542
1595545155.1895683,30550,0.1151140034198761
1595545275.8660126,30600,0.12743712961673737
1595545615.5886216,30750,0.11048897355794907
1595546060.021884,30950,0.10626546293497086
1595546178.356301,31000,0.13815627992153168
1595546288.7621875,31050,0.1605086624622345
1595546391.6403625,31100,0.11530228704214096
1595546503.0212395,31150,0.16447025537490845
1595546623.9631522,31200,0.12453312426805496
1595546734.0603049,31250,0.1561276912689209
1595546848.7213204,31300,0.13333073258399963
1595547171.7623615,31450,0.1226845383644104
1595547287.7155075,31500,0.12055906653404236
1595547402.4066603,31550,0.1391703188419342
1595547506.6759348,31600,0.11728887259960175
1595547731.0069516,31700,0.12721237540245056
1595547841.1690416,31750,0.10989412665367126
1595547962.8453903,31800,0.11267013847827911
1595548204.3508787,31900,0.1250593215227127
1595548306.389963,31950,0.09744074940681458
1595548420.5829692,32000,0.11792577058076859
1595548529.3009367,32050,0.15157797932624817
1595548641.115361,32100,0.13520827889442444
1595548748.9500322,32150,0.1152992844581604
1595548861.1052246,32200,0.11002984642982483
1595548974.0051827,32250,0.139959454536438
1595549092.4136891,32300,0.12171798944473267
1595549206.0109417,32350,0.13318824768066406
1595549321.2704735,32400,0.14040371775627136
1595549432.1879585,32450,0.09606409072875977
1595549550.8649428,32500,0.1289261430501938
1595549664.330394,32550,0.11000929027795792
1595549777.9497197,32600,0.095665343105793
1595549885.2405694,32650,0.11446970701217651
1595550224.5458984,32800,0.13334493339061737
1595550336.9996607,32850,0.1437019407749176
1595550563.1833925,32950,0.10420568287372589
1595550670.7991512,33000,0.09975536912679672
1595550796.2350366,33050,0.13136202096939087
1595550910.8872993,33100,0.11931808292865753
1595551022.7667267,33150,0.12983812391757965
1595551138.6656423,33200,0.09530723839998245
1595551253.5194857,33250,0.1093730479478836
1595551369.9818695,33300,0.1111224889755249
1595551488.328975,33350,0.10820098221302032
1595551607.3012962,33400,0.1277100294828415
1595551720.7507164,33450,0.14763906598091125
1595551948.0257587,33550,0.11880327016115189
1595552054.449222,33600,0.10310032963752747
1595552166.4878743,33650,0.10062319040298462
1595552281.2346332,33700,0.11415168642997742
1595552397.3631234,33750,0.12193965911865234
1595552617.9381213,33850,0.11736106872558594
1595552724.38443,33900,0.12074650824069977
1595552828.7717142,33950,0.10540987551212311
1595552932.4471686,34000,0.1155523881316185
1595553054.76255,34050,0.11493628472089767
1595553171.9625869,34100,0.11508823186159134
1595553278.4696317,34150,0.12637418508529663
1595553390.1021738,34200,0.11618126183748245
1595553504.339043,34250,0.14118187129497528
1595553617.4187958,34300,0.12174268811941147
1595553736.9536588,34350,0.11460765451192856
1595553852.9735186,34400,0.11445645987987518
1595553963.7373385,34450,0.11198126524686813
1595554306.0641956,34600,0.11851394176483154
1595554534.0277553,34700,0.1131604015827179
1595554745.4270186,34800,0.11300670355558395
1595555093.4590597,34950,0.13325807452201843
1595555208.68088,35000,0.12207984924316406
1595555319.8850682,35050,0.11166170984506607
1595555429.6849382,35100,0.10226697474718094
1595555539.625785,35150,0.12587882578372955
1595555658.7639668,35200,0.1138511374592781
1595555762.5724046,35250,0.11787910759449005
1595555863.2294703,35300,0.1327832192182541
1595555973.9965677,35350,0.13547156751155853
1595556083.8810608,35400,0.1338270902633667
1595556199.7327483,35450,0.11092893034219742
1595556312.443157,35500,0.10921180248260498
1595556428.070459,35550,0.11445275694131851
1595556784.5108685,35700,0.1184765174984932
1595556898.172557,35750,0.13727352023124695
1595557010.2218468,35800,0.14344525337219238
1595557240.6877036,35900,0.1305079609155655
1595557354.4027023,35950,0.10906343162059784
1595557571.8058455,36050,0.11524446308612823
1595557689.2691693,36100,0.11685232818126678
1595557807.7966032,36150,0.10445596277713776
1595557922.5206518,36200,0.10823996365070343
1595558036.3554416,36250,0.12032168358564377
1595558146.8358586,36300,0.12858915328979492
1595558483.1646292,36450,0.11877497285604477
1595558603.885423,36500,0.1390509009361267
1595558708.3594196,36550,0.10310014337301254
1595558823.5960367,36600,0.11198015511035919
1595559052.1173384,36700,0.1184491291642189
1595559169.6794562,36750,0.130802184343338
1595559278.1002424,36800,0.11444797366857529
1595559504.0441217,36900,0.11942854523658752
1595559624.4208891,36950,0.11867276579141617
1595559738.9277387,37000,0.10861142724752426
1595559850.2136376,37050,0.13267245888710022
1595559967.9418411,37100,0.13358253240585327
1595560078.0981932,37150,0.15304617583751678
1595560197.7932417,37200,0.12421867251396179
1595560315.2194266,37250,0.11295066028833389
1595560428.0278926,37300,0.11025366187095642
1595560543.9024198,37350,0.1540461927652359
1595560762.0464547,37450,0.14087972044944763
1595560874.2246468,37500,0.11173511296510696
1595560980.8497927,37550,0.10478527843952179
1595561100.3625903,37600,0.12749895453453064
1595561216.179657,37650,0.1412506103515625
1595561327.100235,37700,0.12921398878097534
1595561434.7650225,37750,0.14053699374198914
1595561548.2224336,37800,0.10668684542179108
1595561883.4787834,37950,0.15225151181221008
1595562002.8133376,38000,0.13537836074829102
1595562222.7570539,38100,0.15065240859985352
1595562334.6407223,38150,0.11945300549268723
1595562450.1729705,38200,0.1250779926776886
1595562566.6353648,38250,0.10822398960590363
1595562683.3633718,38300,0.11905813217163086
1595562800.685322,38350,0.1134229451417923
1595563023.9693031,38450,0.10109179466962814
1595563146.3614233,38500,0.15963560342788696
1595563265.2350116,38550,0.1437845379114151
1595563378.9805362,38600,0.1455024629831314
1595563502.2319224,38650,0.12552933394908905
1595563623.032168,38700,0.12165581434965134
1595563738.8322334,38750,0.15123549103736877
1595563849.5436347,38800,0.11774106323719025
1595564184.3080664,38950,0.11681389808654785
1595564301.8049061,39000,0.09907586872577667
1595564534.5990107,39100,0.11838184297084808
1595564635.8414283,39150,0.13253694772720337
1595564750.535843,39200,0.11954965442419052
1595564863.1408474,39250,0.13371263444423676
1595564965.0559125,39300,0.12463149428367615
1595565076.7142682,39350,0.12193210422992706
1595565298.1462286,39450,0.10920833051204681
1595565422.5865219,39500,0.14479666948318481
1595565538.9508662,39550,0.12910756468772888
1595565648.795,39600,0.15193811058998108
1595565750.7577112,39650,0.12772047519683838
1595565856.1723454,39700,0.12394304573535919
1595565968.2008781,39750,0.1147661879658699
1595566080.458445,39800,0.11458981037139893
1595566201.1582167,39850,0.12185834348201752
1595566311.8238938,39900,0.12332383543252945
1595566422.6422596,39950,0.13468150794506073
1595566531.0846987,40000,0.14110253751277924
1595566757.1560667,40100,0.10480011254549026
1595566993.7844684,40200,0.12496071308851242
1595567105.7139246,40250,0.11983726173639297
1595567216.4968576,40300,0.11544562876224518
1595567323.3057208,40350,0.1423545628786087
1595567443.8560905,40400,0.15441547334194183
1595567560.555382,40450,0.13573165237903595
1595567795.1077795,40550,0.1082218810915947
1595567907.929434,40600,0.11970284581184387
1595568030.131305,40650,0.17152947187423706
1595568142.0291266,40700,0.15341275930404663
1595568252.92567,40750,0.14725685119628906
1595568369.5366013,40800,0.17656755447387695
1595568579.2382321,40900,0.13249459862709045
1595568808.0430439,41000,0.13443300127983093
1595568919.7781594,41050,0.10627196729183197
1595569154.583047,41150,0.15489384531974792
1595569263.7344346,41200,0.11233385652303696
1595569380.599352,41250,0.12545174360275269
1595569708.1594367,41400,0.12685245275497437
1595569816.555568,41450,0.16544502973556519
1595569928.1777167,41500,0.13494709134101868
1595570041.0927022,41550,0.12461786717176437
1595570149.4710808,41600,0.11161766201257706
1595570379.248457,41700,0.11503297090530396
1595570493.0894694,41750,0.11288297921419144
1595570600.9390144,41800,0.12276449799537659
1595570707.4665272,41850,0.16930440068244934
1595570819.9305255,41900,0.1697719246149063
1595570930.5457287,41950,0.12477785348892212
1595571038.4905946,42000,0.14038002490997314
1595571252.927046,42100,0.1412651538848877
1595571363.9046345,42150,0.14158689975738525
1595571594.6458278,42250,0.12028753012418747
1595571718.5234196,42300,0.12966550886631012
1595571836.5928102,42350,0.11822298169136047
1595571954.6648307,42400,0.12836167216300964
1595572182.9365964,42500,0.1346423625946045
1595572296.5460854,42550,0.12239769101142883
1595572404.637628,42600,0.12136603891849518
1595572515.608873,42650,0.176349475979805
1595572734.9123857,42750,0.15085391700267792
1595572970.5227199,42850,0.133880615234375
1595573207.7087445,42950,0.12164344638586044
1595573324.6715379,43000,0.14149358868598938
1595573436.832853,43050,0.1472935825586319
1595573556.2787054,43100,0.12876829504966736
1595573670.726054,43150,0.11661606281995773
1595574130.1719913,43350,0.12698350846767426
1595574249.1559443,43400,0.12189186364412308
1595574360.6745949,43450,0.13079071044921875
1595574472.6862552,43500,0.10432963073253632
1595574578.8176978,43550,0.11151792109012604
1595574804.3489506,43650,0.13004523515701294
1595574922.005909,43700,0.13433529436588287
1595575036.9752767,43750,0.14055529236793518
1595575153.9686556,43800,0.1278013288974762
1595575268.2974985,43850,0.13623382151126862
1595575383.2130475,43900,0.14073961973190308
1595575493.4712555,43950,0.12057721614837646
1595575603.0313354,44000,0.11562152951955795
1595575723.797017,44050,0.1502990424633026
1595575837.349723,44100,0.15254159271717072
1595576069.5482674,44200,0.12028440833091736
1595576173.873607,44250,0.15773612260818481
1595576288.9445386,44300,0.13870860636234283
1595576404.5290916,44350,0.11724553257226944
1595576520.40926,44400,0.11886932700872421
1595576644.653213,44450,0.1182616800069809
1595576762.890957,44500,0.12919674813747406
1595576882.19557,44550,0.11936613917350769
1595576995.583101,44600,0.13689680397510529
1595577107.0901637,44650,0.12115328758955002
1595577224.8189065,44700,0.11957280337810516
1595577341.6656566,44750,0.1407647728919983
1595577446.9278998,44800,0.12651968002319336
1595577555.314226,44850,0.1447005569934845
1595577668.8502586,44900,0.12267353385686874
1595577781.6514564,44950,0.12190853804349899
1595577889.8806915,45000,0.11087043583393097
1595578112.9759753,45100,0.12377983331680298
1595578349.0206246,45200,0.15027876198291779
1595578465.9732451,45250,0.1342032104730606
1595578573.550856,45300,0.12156125903129578
1595578687.1547017,45350,0.13885611295700073
1595578807.0953264,45400,0.1415112018585205
1595578916.7555013,45450,0.12483227998018265
1595579034.7395816,45500,0.11833620816469193
1595579161.0248313,45550,0.12003721296787262
1595579285.4051852,45600,0.1262660026550293
1595579396.1614003,45650,0.14167636632919312
1595579619.4500482,45750,0.1310603767633438
1595579736.6187289,45800,0.13883250951766968
1595579852.9417439,45850,0.11841630935668945
1595579960.4199746,45900,0.13426733016967773
1595580178.846986,46000,0.12643693387508392
1595580288.364809,46050,0.13005323708057404
1595580400.6790693,46100,0.14140956103801727
1595580520.2357147,46150,0.11967029422521591
1595580639.2871435,46200,0.12524855136871338
1595580756.730799,46250,0.13074657320976257
1595580992.5158103,46350,0.13678187131881714
1595581114.6889365,46400,0.12076172977685928
1595581341.7033818,46500,0.11942994594573975
1595581458.9929888,46550,0.1598762571811676
1595581574.5534856,46600,0.11851387470960617
1595581696.02632,46650,0.10427531599998474
1595581811.0777984,46700,0.13981635868549347
1595581920.2852898,46750,0.20888648927211761
1595582141.435562,46850,0.1174829974770546
1595582372.815555,46950,0.11881080269813538
1595582725.837853,47100,0.13511236011981964
1595582849.3295953,47150,0.1456012725830078
1595582960.599884,47200,0.13479351997375488
1595583080.0589557,47250,0.12725438177585602
1595583319.5724425,47350,0.1318509578704834
1595583439.167661,47400,0.1407860815525055
1595583547.083502,47450,0.11764436215162277
1595583785.664594,47550,0.1313253492116928
1595583908.4171815,47600,0.131160706281662
1595584020.4005237,47650,0.11120598763227463
1595584133.1430461,47700,0.12080773711204529
1595584363.1570015,47800,0.1320047378540039
1595584484.1936908,47850,0.1361239105463028
1595584596.612921,47900,0.13939443230628967
1595584711.0710063,47950,0.13949894905090332
1595584822.0536964,48000,0.11908136308193207
1595584927.1642587,48050,0.11183115839958191
1595585048.9148698,48100,0.11731357872486115
1595585162.9336133,48150,0.11696530878543854
1595585280.418741,48200,0.16506582498550415
1595585501.0582123,48300,0.13643407821655273
1595585616.2209435,48350,0.12449673563241959
1595585844.1925623,48450,0.14348697662353516
1595586081.470266,48550,0.11583871394395828
1595586202.4448357,48600,0.11764669418334961
1595586441.0772722,48700,0.14001142978668213
1595586559.0050566,48750,0.15138493478298187
1595586665.5144866,48800,0.1203492134809494
1595586783.7225206,48850,0.12096810340881348
1595586900.686818,48900,0.1286616176366806
1595587015.2797034,48950,0.12120774388313293
1595587133.944084,49000,0.13252438604831696
1595587365.8123548,49100,0.13557209074497223
1595587486.4443913,49150,0.1475781798362732
1595587596.86464,49200,0.14096829295158386
1595587701.9440684,49250,0.15468229353427887
1595587933.598073,49350,0.0987791195511818
1595588051.0841362,49400,0.13407139480113983
1595588162.1063068,49450,0.14121858775615692
1595588268.9326026,49500,0.1400439441204071
1595588379.140646,49550,0.15095654129981995
1595588719.8126283,49700,0.1321691870689392
1595588955.216088,49800,0.16961488127708435
1595589066.1018772,49850,0.11508934944868088
1595589301.9421256,49950,0.13283424079418182
1595589421.729683,50000,0.12761983275413513
1595589646.7143614,50100,0.1372474581003189
1595589769.672095,50150,0.14986267685890198
1595589884.4896293,50200,0.11860974133014679
1595590005.7973726,50250,0.11605777591466904
1595590243.2389967,50350,0.17205941677093506
1595590362.9803863,50400,0.13269799947738647
1595590468.8310971,50450,0.1219734251499176
1595590700.1406546,50550,0.1530858874320984
1595590818.6467557,50600,0.11748170107603073
1595590933.573267,50650,0.11607662588357925
1595591050.7842498,50700,0.1312844306230545
1595591281.9556298,50800,0.12567581236362457
1595591397.0414715,50850,0.1474696695804596
1595591635.7485585,50950,0.11143175512552261
1595591870.4549363,51050,0.1544206142425537
1595591980.6082494,51100,0.13070689141750336
1595592218.9143753,51200,0.16046203672885895
1595592326.7602887,51250,0.15368515253067017
1595592445.713046,51300,0.12939389050006866
1595592557.9859848,51350,0.1288309544324875
1595592784.1902065,51450,0.12818515300750732
1595593014.4630759,51550,0.11927061527967453
1595593136.8305037,51600,0.1153525784611702
1595593255.2605238,51650,0.1164202019572258
1595593365.446884,51700,0.11482887715101242
1595593492.1166372,51750,0.13957934081554413
1595593612.3802662,51800,0.15527647733688354
1595593725.9164505,51850,0.14739277958869934
1595593830.7270472,51900,0.1404166966676712
1595593943.985003,51950,0.16898807883262634
1595594052.6424174,52000,0.1233525201678276
1595594286.005767,52100,0.10984668135643005
1595594411.0813453,52150,0.16544897854328156
1595594528.6652205,52200,0.16804398596286774
1595594646.2198434,52250,0.12452113628387451
1595594988.5892222,52400,0.1345326453447342
1595595100.7174726,52450,0.1160554513335228
1595595218.4262068,52500,0.1471496820449829
1595595335.0275483,52550,0.152068629860878
1595595448.027841,52600,0.1401488035917282
1595595669.894867,52700,0.1511339247226715
1595595781.6402438,52750,0.1304108053445816
1595595895.0152738,52800,0.14841553568840027
1595596005.9707627,52850,0.1347128003835678
1595596122.2817464,52900,0.12485700845718384
1595596701.2692404,53150,0.1272042840719223
1595596818.8493173,53200,0.14962361752986908
1595596934.304145,53250,0.1306319534778595
1595597047.4154608,53300,0.152230367064476
1595597160.3862512,53350,0.1063779816031456
1595597276.7437966,53400,0.15998803079128265
1595597390.2035842,53450,0.14861910045146942
1595597504.1778376,53500,0.14129389822483063
1595597615.6149397,53550,0.11644358187913895
1595597735.2430215,53600,0.12837955355644226
1595597849.654232,53650,0.15301629900932312
1595597965.304786,53700,0.12436416000127792
1595598076.7844393,53750,0.11564818769693375
1595598202.3373957,53800,0.1575172394514084
1595598316.2743886,53850,0.13175994157791138
1595598425.9994764,53900,0.1307896375656128
1595598535.5659044,53950,0.11971599608659744
1595598652.4552038,54000,0.14059466123580933
1595598767.6442585,54050,0.11973714828491211
1595598889.8745203,54100,0.13168764114379883
1595598998.8699536,54150,0.15655559301376343
1595599116.9937496,54200,0.14119760692119598
1595599235.1793528,54250,0.1305067092180252
1595599355.2324765,54300,0.1673225462436676
1595599597.2090049,54400,0.12138447910547256
1595599821.939493,54500,0.11657625436782837
1595599945.5001252,54550,0.12318676710128784
1595600069.2128747,54600,0.14149565994739532
1595600177.9401236,54650,0.16728971898555756
1595600284.180367,54700,0.15938320755958557
1595600515.8895047,54800,0.15143749117851257
1595600745.010916,54900,0.14237666130065918
1595600862.1693754,54950,0.14319045841693878
1595600979.3277342,55000,0.1341334581375122
1595601094.7216055,55050,0.12309040129184723
1595601324.2534213,55150,0.14364874362945557
1595601446.9384456,55200,0.1180848479270935
1595601560.9803438,55250,0.14503544569015503
1595601678.0973737,55300,0.1744307428598404
1595601801.8073037,55350,0.1267695277929306
1595602152.5280657,55500,0.12777584791183472
1595602265.5351899,55550,0.1673869788646698
1595602610.052399,55700,0.1668504774570465
1595602717.9063098,55750,0.16714586317539215
1595602834.236703,55800,0.13334371149539948
1595603184.8909748,55950,0.13377872109413147
1595603293.086221,56000,0.1575327217578888
1595603532.2609072,56100,0.13431835174560547
1595603640.549551,56150,0.14145033061504364
1595603757.568237,56200,0.14862336218357086
1595603868.4801266,56250,0.16324898600578308
1595603984.6517646,56300,0.14026238024234772
1595604097.2873538,56350,0.1321771889925003
1595604210.679473,56400,0.13365964591503143
1595604331.4173484,56450,0.11760672181844711
1595604456.0563126,56500,0.1650792360305786
1595604566.154988,56550,0.1508273482322693
1595604793.7881563,56650,0.12270007282495499
1595604907.6607368,56700,0.16545219719409943
1595605015.1585886,56750,0.111298106610775
1595605253.4156964,56850,0.13947899639606476
1595605375.6144764,56900,0.12304487079381943
1595605492.8552065,56950,0.1341450959444046
1595605615.146646,57000,0.12375985085964203
1595605733.425295,57050,0.13312026858329773
1595605846.6395504,57100,0.17703500390052795
1595605956.171072,57150,0.15389251708984375
1595606078.1181593,57200,0.15080249309539795
1595606297.523005,57300,0.1349494755268097
1595606410.0154996,57350,0.12427069991827011
1595606642.8664532,57450,0.1597711741924286
1595606757.4129913,57500,0.13226529955863953
1595606869.37039,57550,0.14294028282165527
1595606985.9856925,57600,0.16266465187072754
1595607103.378073,57650,0.14848747849464417
1595607220.4299376,57700,0.13422396779060364
1595607332.344308,57750,0.1403563916683197
1595607445.4631214,57800,0.15532492101192474
1595607556.791046,57850,0.14074738323688507
1595607671.4314847,57900,0.17882570624351501
1595607788.8622737,57950,0.15168173611164093
1595607898.3276634,58000,0.14199766516685486
1595608008.0540395,58050,0.14689835906028748
1595608119.509911,58100,0.1814330816268921
1595608359.9746547,58200,0.13491767644882202
1595608473.5362687,58250,0.12007089704275131
1595608589.0920699,58300,0.12657161056995392
1595608713.5147007,58350,0.13452674448490143
1595608940.5061624,58450,0.14487606287002563
1595609045.6287613,58500,0.13660591840744019
1595609511.5881612,58700,0.14270736277103424
1595609748.5721462,58800,0.14599129557609558
1595609866.4561553,58850,0.12381280958652496
1595610106.4125128,58950,0.15270042419433594
1595610224.5951312,59000,0.13892365992069244
1595610343.8958042,59050,0.139138862490654
1595610460.6557348,59100,0.13448120653629303
1595610578.8458662,59150,0.1519954800605774
1595610811.7616656,59250,0.12312348932027817
1595610931.408847,59300,0.14197410643100739
1595611046.8888154,59350,0.1471829116344452
1595611161.295218,59400,0.1342705935239792
1595611269.0925944,59450,0.14108693599700928
1595611387.42921,59500,0.14233754575252533
1595611497.0304828,59550,0.11561043560504913
1595611609.5574987,59600,0.16525082290172577
1595611731.1000822,59650,0.1450020670890808
1595611845.024438,59700,0.1485992670059204
1595611964.4293778,59750,0.15751409530639648
1595612071.65026,59800,0.14837037026882172
1595612190.2110472,59850,0.13774317502975464
1595612310.53628,59900,0.1333918422460556
1595612421.0110245,59950,0.11865417659282684
1595612532.3651793,60000,0.13042409718036652
1595612650.4254503,60050,0.14579591155052185
1595612881.67361,60150,0.12239421904087067
1595613006.3084626,60200,0.14548110961914062
1595613220.3995903,60300,0.17227227985858917
1595613329.6395767,60350,0.15016373991966248
1595613441.4176786,60400,0.13359874486923218
1595613667.6430237,60500,0.12852412462234497
1595613780.0245829,60550,0.12253075838088989
1595613890.0355806,60600,0.14411525428295135
1595614008.6693718,60650,0.11414802074432373
1595614124.1670697,60700,0.1477782130241394
1595614236.1771905,60750,0.15308818221092224
1595614462.4916255,60850,0.14587439596652985
1595614694.7207978,60950,0.14013397693634033
1595614919.215535,61050,0.14005890488624573
1595615241.798386,61200,0.12915252149105072
1595615361.6193964,61250,0.13813406229019165
1595615477.8190415,61300,0.16916592419147491
1595615587.5120814,61350,0.1424340307712555
1595615699.6789696,61400,0.13127250969409943
1595615814.6304202,61450,0.14583010971546173
1595616040.0871403,61550,0.14816513657569885
1595616159.7524276,61600,0.1421387791633606
1595616284.136588,61650,0.14040857553482056
1595616399.0194004,61700,0.15845519304275513
1595616520.6943038,61750,0.18003438413143158
1595616644.4578345,61800,0.13667942583560944
1595616765.1632738,61850,0.1487935483455658
1595616872.2101128,61900,0.14798036217689514
1595616981.5365562,61950,0.16711083054542542
1595617099.1782684,62000,0.1461852490901947
1595617320.1800969,62100,0.12999942898750305
1595617433.881722,62150,0.12284578382968903
1595617546.0628462,62200,0.13344025611877441
1595617783.6410096,62300,0.11707468330860138
1595617895.05401,62350,0.12712402641773224
1595618009.5857909,62400,0.1755996197462082
1595618123.5932865,62450,0.16386403143405914
1595618238.974016,62500,0.15873804688453674
1595618349.212261,62550,0.12539798021316528
1595618463.0972984,62600,0.12156438082456589
1595618580.8092685,62650,0.16002768278121948
1595618682.846015,62700,0.1417650431394577
1595618799.9442987,62750,0.14342477917671204
1595618901.3172917,62800,0.1422087848186493
1595619018.220938,62850,0.12341074645519257
1595619140.5560944,62900,0.14658986032009125
1595619256.5733967,62950,0.12623381614685059
1595619487.9478362,63050,0.15621736645698547
1595619601.9504595,63100,0.1486864537000656
1595619712.5487154,63150,0.1660647988319397
1595619817.8884237,63200,0.1596350073814392
1595619940.0946536,63250,0.13862517476081848
1595620054.6314886,63300,0.15217027068138123
1595620168.1421912,63350,0.13323545455932617
1595620282.4385595,63400,0.12051241099834442
1595620404.9259713,63450,0.1560596227645874
1595620637.0871375,63550,0.1407501995563507
1595620746.8524697,63600,0.1572130024433136
1595620985.9641554,63700,0.11872251331806183
1595621329.087292,63850,0.15051089227199554
1595621449.149231,63900,0.16533328592777252
1595621567.7557971,63950,0.18680433928966522
1595621799.6279428,64050,0.14058741927146912
1595621922.0722737,64100,0.1644364893436432
1595622034.9683318,64150,0.12657183408737183
1595622278.1188407,64250,0.18751269578933716
1595622386.2004647,64300,0.1332547515630722
